[
{
  "model": "online_store.product",
  "pk": 1,
  "fields": {
    "name": "Фруктовый чай",
    "description": "Невероятно ароматный фруктовый чай привнесет в ваше утро или вечер новые вкусовые нотки. Его можно подать как с сахаром, так и с медом, только последний ингредиент необходимо добавлять в остывший до 35 градусов напиток, так как его нежелательно прогревать.\r\n\r\nВ качестве фруктов идеально подойдут яблоки любого сорта, персики, абрикосы, груши и т.д. – выбирайте по своему вкусу и фруктовому разнообразию, имеющемуся в наличии. Не забывайте добавлять корицу: молотую или в палочках, ванильный сахар, свежую мяту и другие ароматизаторы – они сделают напиток еще ароматнее и вкуснее. Заварку выбирайте, исходя из предпочтений тех, кого вы будете угощать чаем: черную или зеленую.",
    "category": "first meal",
    "remainder": 47,
    "price": "150.00"
  }
},
{
  "model": "online_store.product",
  "pk": 2,
  "fields": {
    "name": "Пицца со шпинатом",
    "description": "Отличная пицца с ярким шпинатом, питательным сыром, свежими помидорками! Очень сытная, необычная и эффектная!",
    "category": "other",
    "remainder": 28,
    "price": "350.00"
  }
},
{
  "model": "online_store.product",
  "pk": 3,
  "fields": {
    "name": "Тирамису",
    "description": "Популярный итальянский десерт.\r\nНежный, воздушный, как облако!\r\nВ классическом рецепте «Тирамису» используются куриные яйца. Если вы боитесь использовать сырые яйца, можно заменить их перепелиными (они не подвержены сальмонеллезу).",
    "category": "other",
    "remainder": 20,
    "price": "250.00"
  }
},
{
  "model": "online_store.product",
  "pk": 4,
  "fields": {
    "name": "Окрошка",
    "description": "Окро́шка (от глагола крошить — мелко нареза́ть) — традиционное блюдо национальной русской[1] кухни, холодный суп[2][3].\r\n\r\nРецепты окрошки появились ещё на заре русской кулинарной литературы, в конце XVIII века — в частности, в труде Николая Осипова «Старинная русская хозяйка, ключница и стряпуха»[4], а родственное ей блюдо — ботвинья — упоминается ещё раньше, в «Домострое». Образ окрошки как символа эклектики («махистская окрошка») использует Ленин в работе «Материализм и эмпириокритицизм» (1908 год).",
    "category": "first meal",
    "remainder": 18,
    "price": "200.00"
  }
},
{
  "model": "online_store.product",
  "pk": 5,
  "fields": {
    "name": "Лапша Том Ям",
    "description": "Тайская кухня популярна далеко за пределами королевства. В нашей стране тайская кухня пока еще скорее экзотика, но все же она, наравне с китайской кухней, быстро завоевывает признание. Конечно, пока ее популярность сильно уступает японской кухне (а точнее, роллам и суши), ну да времена меняются. Мода приходит и уходит. Если спросить у наших соотечественников, побывавших в Таиланде, какие блюда из местной кухни им запомнились, они скажут – суп Том Ям, суп Том Кха, лапша Пад Тай, тайские карри и салат из зеленой папайи Сом Там. А что скажут сами тайцы? Том Ям, Пад Тай, тайские карри (тут дело вкуса, какой именно карри) и еще одно блюдо, которое не встретишь в меню ресторанов национальной кухни ни в самом Таиланде, ни за его пределами, но при этом в каждой тайской семье его регулярно употребляют, – лапша быстрого приготовления от местного бренда «МАМА» (тай. มาม่า, RTGS Maa-Mâa), что в переводе на русский значит «лапша». Этот бренд принадлежит фирме Thai President Foods, Ltd., основанной 18 апреля 1972 года. Появление нового продукта в Таиланде не вызвало ажиотажа. В те времена в королевстве не знали, что такое лапша быстрого приготовления из пакетика (или картонного стакана), и продукт, в общем-то, особо никого и не удивил. Но в следующем году студенческие волнения, рост цен на нефть и общий экономический кризис привели к росту цен на продукты питания, и вот тут население Таиланда уже с благосклонностью оценило новый продукт. С этого момента продукция бренда «МАМА» начала свое победное шествие по королевству. В настоящий момент в ассортименте бренда 26 разновидностей сублимированной лапши в пакетах и 17 видов в стаканах. Компании Thai President Foods принадлежит половина рынка сублимированной лапши в Таиланде. А самый популярный вариант из многочисленного ассортимента бренда - это «Лапша Том Ям», или Ма Ма Том Ям Кунг (тай. มาม่าต้มยำกุ้ง, RTGS Maa-Mâa Tôm Yam Gûng).",
    "category": "second courses",
    "remainder": 50,
    "price": "300.00"
  }
},
{
  "model": "online_store.product",
  "pk": 6,
  "fields": {
    "name": "Фри",
    "description": "Картофель фри (картофель + фр. frite [frit] — жареный) — кусочки картофеля, обжаренные во фритюре. Употребляют как самостоятельное блюдо или гарнир ко вторым блюдам. Популярная еда быстрого приготовления на предприятиях общепита.",
    "category": "other",
    "remainder": 0,
    "price": "100.00"
  }
},
{
  "model": "online_store.product",
  "pk": 7,
  "fields": {
    "name": "Яичница",
    "description": "Яи́чница — блюдо, приготовляемое на сковороде из разбитых яиц. Традиционный завтрак в Великобритании и Ирландии — яичница с беконом. Испанская яичница «уэвос» (huevos) может подаваться на лепёшке.",
    "category": "breakfast",
    "remainder": 3,
    "price": "100.00"
  }
},
{
  "model": "online_store.product",
  "pk": 11,
  "fields": {
    "name": "Окрошка",
    "description": "lhdug",
    "category": "other",
    "remainder": 0,
    "price": "55555.00"
  }
},
{
  "model": "online_store.product",
  "pk": 12,
  "fields": {
    "name": "Вася не блюдо",
    "description": "описание",
    "category": "breakfast",
    "remainder": 6,
    "price": "156.00"
  }
},
{
  "model": "online_store.product",
  "pk": 16,
  "fields": {
    "name": "блюдо 16",
    "description": "описание 16",
    "category": "other",
    "remainder": 0,
    "price": "126.00"
  }
},
{
  "model": "online_store.product",
  "pk": 18,
  "fields": {
    "name": "Амин",
    "description": "ждбд",
    "category": "other",
    "remainder": 53,
    "price": "5.00"
  }
},
{
  "model": "online_store.product",
  "pk": 19,
  "fields": {
    "name": "Окрошка",
    "description": "lmokkmk",
    "category": "second courses",
    "remainder": 3,
    "price": "56.00"
  }
},
{
  "model": "online_store.product",
  "pk": 23,
  "fields": {
    "name": "bebekkk",
    "description": "",
    "category": "breakfast",
    "remainder": 0,
    "price": "645.00"
  }
},
{
  "model": "online_store.cartproduct",
  "pk": 60,
  "fields": {
    "product": 1,
    "qty": 1
  }
},
{
  "model": "online_store.order",
  "pk": 1,
  "fields": {
    "name": "bebekkk",
    "tel": "0704000000",
    "address": "';,';",
    "user": null,
    "created_at": "2021-04-05T12:31:34.918Z"
  }
},
{
  "model": "online_store.order",
  "pk": 2,
  "fields": {
    "name": "bebekkk",
    "tel": "0704000000",
    "address": "';,';",
    "user": null,
    "created_at": "2021-04-05T12:37:39.538Z"
  }
},
{
  "model": "online_store.order",
  "pk": 3,
  "fields": {
    "name": "hey",
    "tel": "0704000000",
    "address": "';,';",
    "user": null,
    "created_at": "2021-04-05T12:38:17.577Z"
  }
},
{
  "model": "online_store.order",
  "pk": 4,
  "fields": {
    "name": "new",
    "tel": "new",
    "address": "neweewew",
    "user": null,
    "created_at": "2021-04-05T12:59:16.500Z"
  }
},
{
  "model": "online_store.order",
  "pk": 5,
  "fields": {
    "name": "test1",
    "tel": "0704000000",
    "address": "';,';",
    "user": null,
    "created_at": "2021-04-30T10:51:18.951Z"
  }
},
{
  "model": "online_store.order",
  "pk": 6,
  "fields": {
    "name": "test1",
    "tel": "0704000000",
    "address": "';,';",
    "user": 1,
    "created_at": "2021-04-30T10:53:07.930Z"
  }
},
{
  "model": "online_store.order",
  "pk": 7,
  "fields": {
    "name": "Окрошка",
    "tel": "0704000000",
    "address": "';,';",
    "user": null,
    "created_at": "2021-04-30T11:03:17.340Z"
  }
},
{
  "model": "online_store.order",
  "pk": 8,
  "fields": {
    "name": "user",
    "tel": "0704000000",
    "address": "neweewew",
    "user": 4,
    "created_at": "2021-04-30T11:03:55.542Z"
  }
},
{
  "model": "online_store.order",
  "pk": 9,
  "fields": {
    "name": "Амин",
    "tel": "0704000000",
    "address": "';,';",
    "user": 1,
    "created_at": "2021-04-30T11:24:26.498Z"
  }
},
{
  "model": "online_store.order",
  "pk": 10,
  "fields": {
    "name": "bebekkk",
    "tel": "0704000000",
    "address": "neweewew",
    "user": 1,
    "created_at": "2021-04-30T11:27:04.492Z"
  }
},
{
  "model": "online_store.order",
  "pk": 11,
  "fields": {
    "name": "jkn",
    "tel": "yg",
    "address": "ygj",
    "user": null,
    "created_at": "2021-04-30T19:05:07.716Z"
  }
},
{
  "model": "online_store.order",
  "pk": 12,
  "fields": {
    "name": "g",
    "tel": "eee",
    "address": "rtt",
    "user": 3,
    "created_at": "2021-04-30T19:06:29.674Z"
  }
},
{
  "model": "online_store.productorder",
  "pk": 1,
  "fields": {
    "product": 12,
    "order": 2,
    "qty": 1
  }
},
{
  "model": "online_store.productorder",
  "pk": 2,
  "fields": {
    "product": 7,
    "order": 2,
    "qty": 1
  }
},
{
  "model": "online_store.productorder",
  "pk": 3,
  "fields": {
    "product": 12,
    "order": 3,
    "qty": 1
  }
},
{
  "model": "online_store.productorder",
  "pk": 5,
  "fields": {
    "product": 1,
    "order": 4,
    "qty": 1
  }
},
{
  "model": "online_store.productorder",
  "pk": 6,
  "fields": {
    "product": 4,
    "order": 4,
    "qty": 1
  }
},
{
  "model": "online_store.productorder",
  "pk": 7,
  "fields": {
    "product": 12,
    "order": 4,
    "qty": 4
  }
},
{
  "model": "online_store.productorder",
  "pk": 8,
  "fields": {
    "product": 7,
    "order": 4,
    "qty": 1
  }
},
{
  "model": "online_store.productorder",
  "pk": 24,
  "fields": {
    "product": 12,
    "order": 6,
    "qty": 1
  }
},
{
  "model": "online_store.productorder",
  "pk": 25,
  "fields": {
    "product": 1,
    "order": 6,
    "qty": 1
  }
},
{
  "model": "online_store.productorder",
  "pk": 26,
  "fields": {
    "product": 12,
    "order": 7,
    "qty": 1
  }
},
{
  "model": "online_store.productorder",
  "pk": 27,
  "fields": {
    "product": 12,
    "order": 8,
    "qty": 1
  }
},
{
  "model": "online_store.productorder",
  "pk": 28,
  "fields": {
    "product": 12,
    "order": 9,
    "qty": 1
  }
},
{
  "model": "online_store.productorder",
  "pk": 29,
  "fields": {
    "product": 18,
    "order": 9,
    "qty": 1
  }
},
{
  "model": "online_store.productorder",
  "pk": 30,
  "fields": {
    "product": 12,
    "order": 10,
    "qty": 1
  }
},
{
  "model": "online_store.productorder",
  "pk": 31,
  "fields": {
    "product": 2,
    "order": 10,
    "qty": 1
  }
},
{
  "model": "online_store.productorder",
  "pk": 32,
  "fields": {
    "product": 12,
    "order": 11,
    "qty": 2
  }
},
{
  "model": "online_store.productorder",
  "pk": 33,
  "fields": {
    "product": 4,
    "order": 11,
    "qty": 2
  }
},
{
  "model": "online_store.productorder",
  "pk": 34,
  "fields": {
    "product": 12,
    "order": 12,
    "qty": 1
  }
}
]
